SEQ,pred
T54370,0.5
T47892,0.5
T56637,0.5
T45487,0.5
T41995,0.5
T48107,0.5
T54827,0.5
T32807,0.5
T32840,0.5
T45815,0.5
T35301,0.5
T46337,0.5
T52496,0.5
T33019,0.5
T41108,0.5
T42462,0.5
T53992,0.5
T46492,0.5
T52395,0.5
T38409,0.5
T53718,0.5
T34791,0.5
T54736,0.5
T48321,0.5
T38019,0.5
T41896,0.5
T56513,0.5
T42039,0.5
T44768,0.5
T54337,0.5
T37354,0.5
T36765,0.5
T43601,0.5
T58155,0.5
T32788,0.5
T39271,0.5
T41542,0.5
T50042,0.5
T40012,0.5
T37939,0.5
T37426,0.5
T32631,0.5
T44097,0.5
T46616,0.5
T44872,0.5
T54006,0.5
T36380,0.5
T55100,0.5
T51056,0.5
T30586,0.5
T50711,0.5
T33208,0.5
T47682,0.5
T33337,0.5
T50380,0.5
T51726,0.5
T42180,0.5
T54848,0.5
T45622,0.5
T51375,0.5
T49159,0.5
T49928,0.5
T39277,0.5
T48942,0.5
T33153,0.5
T42063,0.5
T54569,0.5
T41052,0.5
T37225,0.5
T30049,0.5
T46264,0.5
T43215,0.5
T43440,0.5
T50699,0.5
T44724,0.5
T42373,0.5
T43669,0.5
T31409,0.5
T43076,0.5
T38273,0.5
T31896,0.5
T49982,0.5
T45750,0.5
T55149,0.5
T36170,0.5
T37905,0.5
T57243,0.5
T54063,0.5
T43905,0.5
T34181,0.5
T43025,0.5
T37427,0.5
T44847,0.5
T48682,0.5
T50856,0.5
T43357,0.5
T33823,0.5
T47949,0.5
T46929,0.5
T40306,0.5
T38449,0.5
T52273,0.5
T44731,0.5
T31621,0.5
T41332,0.5
T48575,0.5
T43948,0.5
T40631,0.5
T32812,0.5
T42793,0.5
T48233,0.5
T57230,0.5
T34589,0.5
T38560,0.5
T38135,0.5
T35970,0.5
T52101,0.5
T38430,0.5
T56842,0.5
T40212,0.5
T43246,0.5
T35759,0.5
T37256,0.5
T35794,0.5
T58195,0.5
T32262,0.5
T39248,0.5
T41211,0.5
T51398,0.5
T35636,0.5
T55378,0.5
T33256,0.5
T56707,0.5
T48753,0.5
T46758,0.5
T55910,0.5
T48335,0.5
T54204,0.5
T40740,0.5
T56655,0.5
T30143,0.5
T54211,0.5
T49534,0.5
T55585,0.5
T57456,0.5
T51853,0.5
T30850,0.5
T41941,0.5
T41505,0.5
T55806,0.5
T45934,0.5
T45387,0.5
T45208,0.5
T39161,0.5
T50687,0.5
T53386,0.5
T53097,0.5
T57760,0.5
T37124,0.5
T33448,0.5
T40681,0.5
T39935,0.5
T45744,0.5
T49032,0.5
T50884,0.5
T30596,0.5
T45127,0.5
T52921,0.5
T31239,0.5
T50698,0.5
T48299,0.5
T30045,0.5
T36593,0.5
T31807,0.5
T50583,0.5
T56792,0.5
T44098,0.5
T55343,0.5
T43627,0.5
T57759,0.5
T56233,0.5
T42729,0.5
T42212,0.5
T30674,0.5
T51682,0.5
T54214,0.5
T33948,0.5
T32932,0.5
T39244,0.5
T44067,0.5
T43632,0.5
T36642,0.5
T55789,0.5
T51559,0.5
T36221,0.5
T33008,0.5
T35933,0.5
T43859,0.5
T44464,0.5
T32010,0.5
T49124,0.5
T56576,0.5
T55924,0.5
T34657,0.5
T51900,0.5
T41600,0.5
T46831,0.5
T40245,0.5
T34968,0.5
T46726,0.5
T51272,0.5
T31563,0.5
T46105,0.5
T56270,0.5
T45484,0.5
T34973,0.5
T47219,0.5
T37161,0.5
T48917,0.5
T55414,0.5
T51727,0.5
T55199,0.5
T36692,0.5
T33030,0.5
T51815,0.5
T39909,0.5
T51990,0.5
T36437,0.5
T42683,0.5
T47561,0.5
T45842,0.5
T39103,0.5
T30386,0.5
T46933,0.5
T38516,0.5
T38534,0.5
T56490,0.5
T48179,0.5
T51494,0.5
T44961,0.5
T56701,0.5
T33230,0.5
T37775,0.5
T56503,0.5
T51342,0.5
T56188,0.5
T44103,0.5
T56236,0.5
T37968,0.5
T38461,0.5
T36397,0.5
T42267,0.5
T52008,0.5
T43957,0.5
T56769,0.5
T52326,0.5
T37087,0.5
T32526,0.5
T33329,0.5
T31332,0.5
T40063,0.5
T37153,0.5
T55434,0.5
T54981,0.5
T42698,0.5
T45008,0.5
T41122,0.5
T47186,0.5
T41743,0.5
T51657,0.5
T33919,0.5
T57715,0.5
T46438,0.5
T51557,0.5
T50286,0.5
T55311,0.5
T47015,0.5
T35314,0.5
T32070,0.5
T46966,0.5
T57182,0.5
T38099,0.5
T32029,0.5
T52760,0.5
T34485,0.5
T36316,0.5
T56175,0.5
T57420,0.5
T43002,0.5
T41090,0.5
T38240,0.5
T32270,0.5
T34788,0.5
T37213,0.5
T58160,0.5
T49397,0.5
T45797,0.5
T30730,0.5
T32124,0.5
T36480,0.5
T40978,0.5
T30792,0.5
T32343,0.5
T56464,0.5
T37994,0.5
T43064,0.5
T56004,0.5
T45022,0.5
T36528,0.5
T36648,0.5
T36211,0.5
T58114,0.5
T54123,0.5
T46014,0.5
T53826,0.5
T37112,0.5
T58110,0.5
T40872,0.5
T33652,0.5
T49804,0.5
T45978,0.5
T49884,0.5
T44258,0.5
T39504,0.5
T30757,0.5
T54669,0.5
T40556,0.5
T30035,0.5
T44326,0.5
T52188,0.5
T46844,0.5
T47354,0.5
T49160,0.5
T57492,0.5
T57446,0.5
T52323,0.5
T48297,0.5
T33082,0.5
T36640,0.5
T32006,0.5
T36737,0.5
T33920,0.5
T33128,0.5
T45751,0.5
T39195,0.5
T33274,0.5
T36601,0.5
T53890,0.5
T32115,0.5
T38183,0.5
T51941,0.5
T34024,0.5
T39428,0.5
T36322,0.5
T50988,0.5
T39886,0.5
T33746,0.5
T41112,0.5
T54597,0.5
T52874,0.5
T53901,0.5
T46576,0.5
T44429,0.5
T38263,0.5
T51324,0.5
T43350,0.5
T37360,0.5
T32200,0.5
T38686,0.5
T47611,0.5
T38097,0.5
T57553,0.5
T54191,0.5
T35212,0.5
T40778,0.5
T35556,0.5
T42488,0.5
T43436,0.5
T46767,0.5
T39122,0.5
T53835,0.5
T30770,0.5
T51215,0.5
T53393,0.5
T55891,0.5
T53140,0.5
T38407,0.5
T46949,0.5
T37498,0.5
T57060,0.5
T44466,0.5
T46083,0.5
T33455,0.5
T55521,0.5
T46153,0.5
T51063,0.5
T36220,0.5
T45389,0.5
T43167,0.5
T57572,0.5
T32583,0.5
T37763,0.5
T37729,0.5
T54067,0.5
T38958,0.5
T50765,0.5
T56314,0.5
T37999,0.5
T39634,0.5
T43493,0.5
T54672,0.5
T42077,0.5
T52147,0.5
T33099,0.5
T32630,0.5
T33240,0.5
T42214,0.5
T57248,0.5
T42196,0.5
T56241,0.5
T42786,0.5
T40515,0.5
T32377,0.5
T30381,0.5
T44558,0.5
T56757,0.5
T54997,0.5
T40046,0.5
T53961,0.5
T48136,0.5
T45220,0.5
T30128,0.5
T33061,0.5
T46967,0.5
T43941,0.5
T51565,0.5
T39667,0.5
T58178,0.5
T56880,0.5
T40604,0.5
T52385,0.5
T54178,0.5
T49014,0.5
T39690,0.5
T54671,0.5
T42830,0.5
T56741,0.5
T57736,0.5
T50278,0.5
T53428,0.5
T44267,0.5
T38747,0.5
T51022,0.5
T43127,0.5
T30741,0.5
T37277,0.5
T49686,0.5
T31553,0.5
T58024,0.5
T41068,0.5
T41986,0.5
T38189,0.5
T38295,0.5
T31206,0.5
T39169,0.5
T47544,0.5
T40903,0.5
T56868,0.5
T35619,0.5
T30136,0.5
T30662,0.5
T45124,0.5
T40110,0.5
T41263,0.5
T35413,0.5
T41100,0.5
T32407,0.5
T53605,0.5
T47498,0.5
T40490,0.5
T37052,0.5
T30655,0.5
T30726,0.5
T51506,0.5
T54733,0.5
T54547,0.5
T45287,0.5
T56364,0.5
T51629,0.5
T33280,0.5
T34154,0.5
T46329,0.5
T47190,0.5
T45267,0.5
T39251,0.5
T35350,0.5
T39911,0.5
T31737,0.5
T56057,0.5
T43922,0.5
T43823,0.5
T48565,0.5
T47479,0.5
T30096,0.5
T31971,0.5
T31666,0.5
T44358,0.5
T36478,0.5
T46615,0.5
T30769,0.5
T32453,0.5
T37223,0.5
T54240,0.5
T43880,0.5
T56805,0.5
T36286,0.5
T42515,0.5
T52738,0.5
T55943,0.5
T43060,0.5
T33947,0.5
T39254,0.5
T39770,0.5
T49942,0.5
T46159,0.5
T41850,0.5
T47420,0.5
T50117,0.5
T58018,0.5
T40434,0.5
T45827,0.5
T30090,0.5
T43250,0.5
T45405,0.5
T50336,0.5
T46791,0.5
T50922,0.5
T45026,0.5
T51913,0.5
T58098,0.5
T46258,0.5
T33566,0.5
T31394,0.5
T46561,0.5
T33165,0.5
T42152,0.5
T47642,0.5
T44773,0.5
T44474,0.5
T53710,0.5
T57750,0.5
T46761,0.5
T54946,0.5
T56927,0.5
T32814,0.5
T55992,0.5
T40645,0.5
T34143,0.5
T34421,0.5
T34338,0.5
T41220,0.5
T48460,0.5
T35271,0.5
T48927,0.5
T56788,0.5
T55538,0.5
T30648,0.5
T51187,0.5
T44055,0.5
T42676,0.5
T37596,0.5
T39597,0.5
T39146,0.5
T44026,0.5
T41321,0.5
T36755,0.5
T43653,0.5
T40487,0.5
T32315,0.5
T53303,0.5
T32782,0.5
T49048,0.5
T39792,0.5
T45633,0.5
T49080,0.5
T32128,0.5
T53128,0.5
T47612,0.5
T42778,0.5
T48772,0.5
T54791,0.5
T32333,0.5
T54141,0.5
T48550,0.5
T34863,0.5
T47319,0.5
T49483,0.5
T36056,0.5
T47276,0.5
T47669,0.5
T43074,0.5
T47031,0.5
T44891,0.5
T56226,0.5
T48720,0.5
T46432,0.5
T35721,0.5
T41282,0.5
T39523,0.5
T57424,0.5
T57863,0.5
T54027,0.5
T46346,0.5
T39481,0.5
T33951,0.5
T32687,0.5
T53937,0.5
T34956,0.5
T57006,0.5
T49276,0.5
T36903,0.5
T37306,0.5
T43975,0.5
T44726,0.5
T42297,0.5
T33727,0.5
T39879,0.5
T54865,0.5
T38726,0.5
T50588,0.5
T57986,0.5
T39089,0.5
T33193,0.5
T32161,0.5
T39692,0.5
T44209,0.5
T57307,0.5
T53385,0.5
T44592,0.5
T56571,0.5
T53290,0.5
T47034,0.5
T32455,0.5
T31967,0.5
T56494,0.5
T44713,0.5
T44500,0.5
T51030,0.5
T33596,0.5
T52258,0.5
T51723,0.5
T54371,0.5
T46894,0.5
T39764,0.5
T45371,0.5
T33408,0.5
T31303,0.5
T35403,0.5
T41844,0.5
T46691,0.5
T42971,0.5
T31681,0.5
T33932,0.5
T33327,0.5
T46633,0.5
T51286,0.5
T33048,0.5
T39140,0.5
T39465,0.5
T48408,0.5
T46040,0.5
T42268,0.5
T53174,0.5
T43759,0.5
T50531,0.5
T53994,0.5
T53473,0.5
T38354,0.5
T45342,0.5
T39374,0.5
T51594,0.5
T50804,0.5
T51556,0.5
T53372,0.5
T46292,0.5
T31944,0.5
T41158,0.5
T35792,0.5
T43937,0.5
T47672,0.5
T49492,0.5
T30001,0.5
T44754,0.5
T37028,0.5
T38361,0.5
T33673,0.5
T35602,0.5
T47096,0.5
T38544,0.5
T51041,0.5
T36049,0.5
T49082,0.5
T45738,0.5
T30591,0.5
T56135,0.5
T53423,0.5
T35402,0.5
T37823,0.5
T37334,0.5
T45423,0.5
T53538,0.5
T36202,0.5
T56693,0.5
T40241,0.5
T33990,0.5
T34880,0.5
T39730,0.5
T50155,0.5
T47591,0.5
T42794,0.5
T40672,0.5
T55915,0.5
T57889,0.5
T49428,0.5
T30685,0.5
T46191,0.5
T30314,0.5
T57862,0.5
T45192,0.5
T45723,0.5
T44187,0.5
T31045,0.5
T34758,0.5
T57481,0.5
T57609,0.5
T39040,0.5
T30176,0.5
T50831,0.5
T48238,0.5
T36613,0.5
T32464,0.5
T51340,0.5
T42710,0.5
T55405,0.5
T54516,0.5
T39652,0.5
T35045,0.5
T33557,0.5
T44597,0.5
T57400,0.5
T35815,0.5
T30282,0.5
T40385,0.5
T38702,0.5
T40138,0.5
T44715,0.5
T43435,0.5
T34644,0.5
T48273,0.5
T53005,0.5
T34703,0.5
T44813,0.5
T36199,0.5
T31387,0.5
T41700,0.5
T38662,0.5
T44126,0.5
T54673,0.5
T42478,0.5
T41416,0.5
T50418,0.5
T45874,0.5
T56081,0.5
T50364,0.5
T40473,0.5
T48760,0.5
T50585,0.5
T42415,0.5
T55138,0.5
T43746,0.5
T32674,0.5
T57319,0.5
T52056,0.5
T55692,0.5
T55614,0.5
T38267,0.5
T39431,0.5
T50162,0.5
T47625,0.5
T37587,0.5
T30706,0.5
T33928,0.5
T41076,0.5
T34815,0.5
T58028,0.5
T35940,0.5
T40043,0.5
T49874,0.5
T35017,0.5
T49564,0.5
T36393,0.5
T41888,0.5
T32724,0.5
T32803,0.5
T43444,0.5
T44856,0.5
T39538,0.5
T45419,0.5
T57155,0.5
T34821,0.5
T45906,0.5
T42923,0.5
T49978,0.5
T37449,0.5
T31607,0.5
T40019,0.5
T41838,0.5
T56248,0.5
T47390,0.5
T47567,0.5
T35047,0.5
T40431,0.5
T36932,0.5
T50444,0.5
T49638,0.5
T45101,0.5
T37150,0.5
T43533,0.5
T54189,0.5
T48069,0.5
T51335,0.5
T33850,0.5
T47349,0.5
T56189,0.5
T39787,0.5
T44068,0.5
T32976,0.5
T43110,0.5
T42787,0.5
T52144,0.5
T51328,0.5
T37838,0.5
T56020,0.5
T56808,0.5
T57314,0.5
T50876,0.5
T30815,0.5
T47300,0.5
T40030,0.5
T43330,0.5
T36782,0.5
T32381,0.5
T54363,0.5
T30401,0.5
T32890,0.5
T53947,0.5
T46998,0.5
T50438,0.5
T49356,0.5
T39415,0.5
T50289,0.5
T35685,0.5
T55008,0.5
T47541,0.5
T43480,0.5
T50075,0.5
T30610,0.5
T42173,0.5
T39802,0.5
T35242,0.5
T56761,0.5
T40951,0.5
T41324,0.5
T32137,0.5
T35639,0.5
T44375,0.5
T51963,0.5
T33059,0.5
T52487,0.5
T39850,0.5
T38863,0.5
T38201,0.5
T46518,0.5
T57567,0.5
T46069,0.5
T42121,0.5
T33589,0.5
T41233,0.5
T47320,0.5
T38724,0.5
T37109,0.5
T45457,0.5
T39206,0.5
T41673,0.5
T57945,0.5
T57564,0.5
T54322,0.5
T40295,0.5
T34239,0.5
T46509,0.5
T36599,0.5
T35798,0.5
T37043,0.5
T52535,0.5
T33785,0.5
T44710,0.5
T57531,0.5
T37837,0.5
T57490,0.5
T33116,0.5
T50220,0.5
T40832,0.5
T33445,0.5
T54741,0.5
T57458,0.5
T36718,0.5
T37293,0.5
T57585,0.5
T37281,0.5
T41745,0.5
T45734,0.5
T56442,0.5
T33977,0.5
T31435,0.5
T38511,0.5
T33583,0.5
T56474,0.5
T40184,0.5
T35567,0.5
T33937,0.5
T54771,0.5
T51693,0.5
T55481,0.5
T51011,0.5
T46602,0.5
T47197,0.5
T31767,0.5
T48514,0.5
T37726,0.5
T40383,0.5
T39703,0.5
T45468,0.5
T47970,0.5
T35279,0.5
T54854,0.5
T36216,0.5
T42889,0.5
T55093,0.5
T46161,0.5
T50627,0.5
T45989,0.5
T56238,0.5
T39812,0.5
T33279,0.5
T41130,0.5
T36730,0.5
T30837,0.5
T44370,0.5
T46775,0.5
T39384,0.5
T51068,0.5
T42869,0.5
T32465,0.5
T46194,0.5
T33622,0.5
T48569,0.5
T49813,0.5
T54847,0.5
T47717,0.5
T36581,0.5
T38807,0.5
T45023,0.5
T57238,0.5
T56468,0.5
T46462,0.5
T33407,0.5
T53573,0.5
T55804,0.5
T43331,0.5
T56030,0.5
T40998,0.5
T56269,0.5
T38321,0.5
T52313,0.5
T31454,0.5
T36897,0.5
T54634,0.5
T44756,0.5
T41876,0.5
T53655,0.5
T47222,0.5
T54252,0.5
T51261,0.5
T35247,0.5
T33714,0.5
T49268,0.5
T34404,0.5
T39473,0.5
T42059,0.5
T35720,0.5
T55884,0.5
T34761,0.5
T38499,0.5
T33403,0.5
T55416,0.5
T34683,0.5
T47425,0.5
T53930,0.5
T44975,0.5
T55394,0.5
T56751,0.5
T49715,0.5
T34396,0.5
T42503,0.5
T41727,0.5
T32908,0.5
T37257,0.5
T51170,0.5
T30087,0.5
T32457,0.5
T35700,0.5
T43698,0.5
T50338,0.5
T47130,0.5
T44079,0.5
T44087,0.5
T43213,0.5
T44481,0.5
T45929,0.5
T38347,0.5
T40521,0.5
T37869,0.5
T47132,0.5
T36268,0.5
T39367,0.5
T45451,0.5
T38951,0.5
T33343,0.5
T55562,0.5
T34480,0.5
T35475,0.5
T35550,0.5
T43812,0.5
T53358,0.5
T53449,0.5
T56965,0.5
T44508,0.5
T31710,0.5
T55398,0.5
T34269,0.5
T41809,0.5
T38941,0.5
T38137,0.5
T51361,0.5
T33553,0.5
T30611,0.5
T32096,0.5
T32240,0.5
T36808,0.5
T33537,0.5
T44593,0.5
T51380,0.5
T52364,0.5
T45066,0.5
T54798,0.5
T50551,0.5
T38063,0.5
T39775,0.5
T32437,0.5
T44621,0.5
T49614,0.5
T56453,0.5
T33268,0.5
T57720,0.5
T30082,0.5
T37987,0.5
T38443,0.5
T48661,0.5
T45617,0.5
T41831,0.5
T57660,0.5
T42876,0.5
T40285,0.5
T52023,0.5
T52979,0.5
T42033,0.5
T39127,0.5
T43748,0.5
T54864,0.5
T47447,0.5
T47874,0.5
T30135,0.5
T39981,0.5
T56942,0.5
T49041,0.5
T56528,0.5
T45113,0.5
T30716,0.5
T45721,0.5
T57687,0.5
T50152,0.5
T43334,0.5
T30164,0.5
T53065,0.5
T37341,0.5
T34543,0.5
T36337,0.5
T48926,0.5
T54581,0.5
T51810,0.5
T45749,0.5
T55308,0.5
T34122,0.5
T54257,0.5
T53112,0.5
T52624,0.5
T43088,0.5
T54293,0.5
T52161,0.5
T51238,0.5
T48006,0.5
T49664,0.5
T48816,0.5
T49734,0.5
T47355,0.5
T51995,0.5
T47487,0.5
T53143,0.5
T38363,0.5
T56082,0.5
T52322,0.5
T48679,0.5
T45161,0.5
T54092,0.5
T47419,0.5
T42607,0.5
T40197,0.5
T43358,0.5
T54190,0.5
T55975,0.5
T30545,0.5
T38526,0.5
T38376,0.5
T52890,0.5
T55127,0.5
T33597,0.5
T40158,0.5
T32628,0.5
T52545,0.5
T53534,0.5
T51527,0.5
T34626,0.5
T55896,0.5
T55086,0.5
T44022,0.5
T57741,0.5
T31491,0.5
T42391,0.5
T36104,0.5
T30054,0.5
T43323,0.5
T38913,0.5
T47297,0.5
T44802,0.5
T34541,0.5
T33800,0.5
T46140,0.5
T53090,0.5
T55827,0.5
T43085,0.5
T34947,0.5
T42251,0.5
T52848,0.5
T44182,0.5
T57488,0.5
T36563,0.5
T45358,0.5
T33500,0.5
T44850,0.5
T53707,0.5
T45660,0.5
T32501,0.5
T45944,0.5
T34312,0.5
T44277,0.5
T58006,0.5
T31818,0.5
T30209,0.5
T31499,0.5
T31265,0.5
T41316,0.5
T41442,0.5
T44150,0.5
T41371,0.5
T43393,0.5
T51672,0.5
T35712,0.5
T43415,0.5
T30398,0.5
T37704,0.5
T32648,0.5
T49878,0.5
T43671,0.5
T35729,0.5
T30423,0.5
T50365,0.5
T57532,0.5
T37698,0.5
T38226,0.5
T37122,0.5
T56917,0.5
T36749,0.5
T52909,0.5
T56293,0.5
T41539,0.5
T41265,0.5
T49830,0.5
T41739,0.5
T50947,0.5
T33767,0.5
T54146,0.5
T49741,0.5
T31051,0.5
T44665,0.5
T44708,0.5
T42519,0.5
T44990,0.5
T46688,0.5
T46720,0.5
T46241,0.5
T33775,0.5
T52763,0.5
T33158,0.5
T40685,0.5
T44153,0.5
T49788,0.5
T45254,0.5
T46985,0.5
T36836,0.5
T47226,0.5
T39052,0.5
T32267,0.5
T54423,0.5
T34441,0.5
T33635,0.5
T39976,0.5
T57434,0.5
T44304,0.5
T41884,0.5
T46977,0.5
T35397,0.5
T34555,0.5
T54730,0.5
T49969,0.5
T55483,0.5
T30330,0.5
T32274,0.5
T35340,0.5
T41484,0.5
T36687,0.5
T47012,0.5
T32551,0.5
T36429,0.5
T33706,0.5
T33812,0.5
T54278,0.5
T45994,0.5
T53663,0.5
T45735,0.5
T56262,0.5
T30134,0.5
T55668,0.5
T30415,0.5
T43123,0.5
T49421,0.5
T56089,0.5
T49388,0.5
T49044,0.5
T35675,0.5
T33925,0.5
T55186,0.5
T36950,0.5
T51486,0.5
T38381,0.5
T56264,0.5
T40489,0.5
T48261,0.5
T46413,0.5
T47674,0.5
T30776,0.5
T36818,0.5
T43007,0.5
T56704,0.5
T45726,0.5
T36107,0.5
T32881,0.5
T30686,0.5
T33538,0.5
T40027,0.5
T40005,0.5
T46832,0.5
T45766,0.5
T44445,0.5
T57388,0.5
T50107,0.5
T34904,0.5
T39997,0.5
T39129,0.5
T53250,0.5
T33498,0.5
T46146,0.5
T41115,0.5
T51669,0.5
T50489,0.5
T48849,0.5
T37162,0.5
T30467,0.5
T32121,0.5
T33033,0.5
T43742,0.5
T45391,0.5
T45822,0.5
T39846,0.5
T33433,0.5
T50140,0.5
T30619,0.5
T34171,0.5
T44860,0.5
T48503,0.5
T48588,0.5
T39569,0.5
T41595,0.5
T34509,0.5
T44609,0.5
T31614,0.5
T35932,0.5
T33979,0.5
T44510,0.5
T34741,0.5
T30251,0.5
T42809,0.5
T35219,0.5
T44647,0.5
T50372,0.5
T44829,0.5
T33348,0.5
T48860,0.5
T56355,0.5
T56940,0.5
T37686,0.5
T35925,0.5
T49583,0.5
T53643,0.5
T30076,0.5
T53776,0.5
T55808,0.5
T53849,0.5
T38710,0.5
T56651,0.5
T50650,0.5
T35153,0.5
T46856,0.5
T56864,0.5
T44688,0.5
T46811,0.5
T44946,0.5
T34814,0.5
T30446,0.5
T38244,0.5
T40016,0.5
T52058,0.5
T52972,0.5
T55835,0.5
T55954,0.5
T44723,0.5
T41421,0.5
T52669,0.5
T32391,0.5
T47198,0.5
T52644,0.5
T31744,0.5
T46723,0.5
T32164,0.5
T47900,0.5
T45686,0.5
T34258,0.5
T32350,0.5
T42019,0.5
T32248,0.5
T30633,0.5
T45708,0.5
T53844,0.5
T57610,0.5
T34136,0.5
T35905,0.5
T37821,0.5
T49594,0.5
T51919,0.5
T42974,0.5
T34413,0.5
T38003,0.5
T46789,0.5
T47253,0.5
T33436,0.5
T57369,0.5
T48992,0.5
T55881,0.5
T45180,0.5
T56869,0.5
T55301,0.5
T52312,0.5
T52636,0.5
T33113,0.5
T55096,0.5
T31076,0.5
T30965,0.5
T55667,0.5
T31816,0.5
T45096,0.5
T57227,0.5
T50803,0.5
T45309,0.5
T47976,0.5
T50547,0.5
T37160,0.5
T35973,0.5
T33940,0.5
T39769,0.5
T46699,0.5
T52638,0.5
T36957,0.5
T36988,0.5
T35333,0.5
T31352,0.5
T38669,0.5
T55112,0.5
T41314,0.5
T42159,0.5
T37020,0.5
T56952,0.5
T34328,0.5
T38987,0.5
T47631,0.5
T48005,0.5
T54896,0.5
T56345,0.5
T37197,0.5
T33443,0.5
T44145,0.5
T30098,0.5
T45872,0.5
T53457,0.5
T39110,0.5
T45489,0.5
T43397,0.5
T44463,0.5
T56987,0.5
T53596,0.5
T39383,0.5
T54026,0.5
T55248,0.5
T53809,0.5
T46804,0.5
T40889,0.5
T57671,0.5
T54419,0.5
T39034,0.5
T39061,0.5
T54341,0.5
T55523,0.5
T32035,0.5
T52245,0.5
T46210,0.5
T43143,0.5
T36725,0.5
T35760,0.5
T52918,0.5
T44316,0.5
T38758,0.5
T38203,0.5
T34763,0.5
T36373,0.5
T45716,0.5
T40194,0.5
T37317,0.5
T35694,0.5
T55603,0.5
T47232,0.5
T30542,0.5
T52586,0.5
T48110,0.5
T47079,0.5
T49129,0.5
T39623,0.5
T43175,0.5
T38431,0.5
T54776,0.5
T52466,0.5
T57083,0.5
T38627,0.5
T58083,0.5
T34707,0.5
T55385,0.5
T34965,0.5
T51254,0.5
T51908,0.5
T35489,0.5
T42833,0.5
T50654,0.5
T40834,0.5
T31999,0.5
T31644,0.5
T49575,0.5
T56540,0.5
T34397,0.5
T44661,0.5
T49595,0.5
T40963,0.5
T34012,0.5
T48815,0.5
T45243,0.5
T53991,0.5
T43268,0.5
T45879,0.5
T46042,0.5
T47573,0.5
T58100,0.5
T38623,0.5
T37595,0.5
T57679,0.5
T50960,0.5
T57805,0.5
T52297,0.5
T50359,0.5
T30984,0.5
T55223,0.5
T38005,0.5
T52092,0.5
T34459,0.5
T42218,0.5
T57939,0.5
T51451,0.5
T56144,0.5
T34243,0.5
T37479,0.5
T57598,0.5
T48116,0.5
T36720,0.5
T48420,0.5
T39752,0.5
T44778,0.5
T30641,0.5
T55228,0.5
T49806,0.5
T55350,0.5
T44486,0.5
T57900,0.5
T48521,0.5
T51884,0.5
T46046,0.5
T54347,0.5
T39779,0.5
T45683,0.5
T48196,0.5
T51818,0.5
T38963,0.5
T50323,0.5
T57204,0.5
T35188,0.5
T40525,0.5
T39357,0.5
T45346,0.5
T44816,0.5
T48385,0.5
T33250,0.5
T31202,0.5
T37925,0.5
T58127,0.5
T44950,0.5
T47466,0.5
T46637,0.5
T36278,0.5
T40583,0.5
T32682,0.5
T55695,0.5
T31442,0.5
T32068,0.5
T48239,0.5
T49838,0.5
T37219,0.5
T51872,0.5
T32844,0.5
T53984,0.5
T52869,0.5
T47581,0.5
T57154,0.5
T31474,0.5
T37181,0.5
T53832,0.5
T31380,0.5
T55610,0.5
T52409,0.5
T46974,0.5
T35157,0.5
T57565,0.5
T43668,0.5
T57345,0.5
T40969,0.5
T57117,0.5
T44654,0.5
T44357,0.5
T33515,0.5
T46447,0.5
T50078,0.5
T43373,0.5
T35367,0.5
T53778,0.5
T31648,0.5
T45672,0.5
T52666,0.5
T57662,0.5
T50110,0.5
T41782,0.5
T48836,0.5
T42897,0.5
T30319,0.5
T43247,0.5
T32590,0.5
T36622,0.5
T40913,0.5
T31132,0.5
T31147,0.5
T53722,0.5
T52425,0.5
T52338,0.5
T35704,0.5
T44663,0.5
T48884,0.5
T35601,0.5
T48031,0.5
T44402,0.5
T33233,0.5
T31864,0.5
T50280,0.5
T30475,0.5
T38887,0.5
T37749,0.5
T39933,0.5
T40994,0.5
T52704,0.5
T30908,0.5
T54825,0.5
T56258,0.5
T35002,0.5
T58032,0.5
T30131,0.5
T42615,0.5
T57080,0.5
T32413,0.5
T33522,0.5
T46293,0.5
T38508,0.5
T55224,0.5
T48518,0.5
T50657,0.5
T32968,0.5
T56274,0.5
T52980,0.5
T47562,0.5
T30513,0.5
T35323,0.5
T52335,0.5
T57162,0.5
T47966,0.5
T53461,0.5
T30839,0.5
T53066,0.5
T47920,0.5
T57470,0.5
T39027,0.5
T50357,0.5
T30562,0.5
T41652,0.5
T54994,0.5
T52608,0.5
T49274,0.5
T31438,0.5
T49665,0.5
T32790,0.5
T53798,0.5
T38784,0.5
T38100,0.5
T42141,0.5
T46426,0.5
T55965,0.5
T44771,0.5
T47990,0.5
T39707,0.5
T39530,0.5
T56522,0.5
T56360,0.5
T48769,0.5
T54916,0.5
T42187,0.5
T57544,0.5
T51858,0.5
T53897,0.5
T47208,0.5
T47465,0.5
T41566,0.5
T41800,0.5
T33699,0.5
T54483,0.5
T44168,0.5
T40408,0.5
T36225,0.5
T30576,0.5
T45969,0.5
T34850,0.5
T56909,0.5
T49910,0.5
T34679,0.5
T55761,0.5
T55431,0.5
T38117,0.5
T57951,0.5
T43532,0.5
T36982,0.5
T34229,0.5
T38470,0.5
T44489,0.5
T52408,0.5
T34836,0.5
T49849,0.5
T46301,0.5
T47653,0.5
T38650,0.5
T48135,0.5
T39500,0.5
T37105,0.5
T33063,0.5
T35472,0.5
T33409,0.5
T57147,0.5
T37025,0.5
T44594,0.5
T49303,0.5
T57193,0.5
T46285,0.5
T36356,0.5
T55906,0.5
T52591,0.5
T54941,0.5
T39117,0.5
T54764,0.5
T41929,0.5
T57860,0.5
T45970,0.5
T30894,0.5
T46131,0.5
T43272,0.5
T45059,0.5
T54442,0.5
T51765,0.5
T50084,0.5
T44288,0.5
T46163,0.5
T41892,0.5
T43347,0.5
T51234,0.5
T40038,0.5
T55736,0.5
T47044,0.5
T36209,0.5
T47638,0.5
T52628,0.5
T35386,0.5
T38131,0.5
T37373,0.5
T38425,0.5
T48050,0.5
T39022,0.5
T32198,0.5
T57467,0.5
T36841,0.5
T53201,0.5
T57180,0.5
T34344,0.5
T55029,0.5
T57763,0.5
T44605,0.5
T35834,0.5
T51171,0.5
T53852,0.5
T56877,0.5
T47773,0.5
T35305,0.5
T49730,0.5
T55914,0.5
T52994,0.5
T49717,0.5
T45792,0.5
T35545,0.5
T56134,0.5
T37950,0.5
T41467,0.5
T30997,0.5
T42874,0.5
T51135,0.5
T42494,0.5
T51988,0.5
T42582,0.5
T48092,0.5
T51569,0.5
T36332,0.5
T57332,0.5
T47818,0.5
T51337,0.5
T49248,0.5
T34789,0.5
T50865,0.5
T34387,0.5
T39014,0.5
T33429,0.5
T42253,0.5
T32965,0.5
T36381,0.5
T38763,0.5
T40829,0.5
T48332,0.5
T39039,0.5
T46936,0.5
T57842,0.5
T37694,0.5
T31344,0.5
T55265,0.5
T55623,0.5
T50284,0.5
T46327,0.5
T44049,0.5
T45268,0.5
T38978,0.5
T56890,0.5
T40726,0.5
T45593,0.5
T35262,0.5
T40368,0.5
T34110,0.5
T37410,0.5
T57251,0.5
T33244,0.5
T36172,0.5
T39474,0.5
T51518,0.5
T42585,0.5
T54249,0.5
T33693,0.5
T44132,0.5
T41330,0.5
T36881,0.5
T40663,0.5
T42602,0.5
T47326,0.5
T34563,0.5
T56450,0.5
T53073,0.5
T33382,0.5
T36925,0.5
T30002,0.5
T32077,0.5
T31583,0.5
T33354,0.5
T45961,0.5
T57054,0.5
T39099,0.5
T40204,0.5
T39221,0.5
T54881,0.5
T31114,0.5
T36651,0.5
T39456,0.5
T43156,0.5
T56145,0.5
T37880,0.5
T55597,0.5
T57318,0.5
T38415,0.5
T43740,0.5
T41703,0.5
T32515,0.5
T53734,0.5
T34995,0.5
T33305,0.5
T31578,0.5
T44007,0.5
T36530,0.5
T37421,0.5
T48014,0.5
T54034,0.5
T30129,0.5
T43711,0.5
T47743,0.5
T49863,0.5
T41724,0.5
T36873,0.5
T31240,0.5
T30569,0.5
T48890,0.5
T35453,0.5
T57138,0.5
T38717,0.5
T38684,0.5
T35180,0.5
T35681,0.5
T46613,0.5
T57987,0.5
T49658,0.5
T38621,0.5
T42700,0.5
T46328,0.5
T41241,0.5
T49347,0.5
T42789,0.5
T47984,0.5
T40189,0.5
T39891,0.5
T45065,0.5
T35695,0.5
T45466,0.5
T50873,0.5
T41642,0.5
T43114,0.5
T47114,0.5
T44588,0.5
T34732,0.5
T38712,0.5
T31085,0.5
T33891,0.5
T41961,0.5
T43506,0.5
T56158,0.5
T49035,0.5
T41028,0.5
T47077,0.5
T31074,0.5
T38962,0.5
T57108,0.5
T45754,0.5
T33786,0.5
T33031,0.5
T57717,0.5
T49095,0.5
T57907,0.5
T32296,0.5
T33653,0.5
T56795,0.5
T31103,0.5
T33218,0.5
T31969,0.5
T44195,0.5
T57716,0.5
T31465,0.5
T44293,0.5
T53042,0.5
T39423,0.5
T50808,0.5
T40940,0.5
T42470,0.5
T43676,0.5
T53221,0.5
T31424,0.5
T40751,0.5
T56256,0.5
T38133,0.5
T57541,0.5
T54173,0.5
T31887,0.5
T52735,0.5
T32558,0.5
T57139,0.5
T45575,0.5
T57865,0.5
T42657,0.5
T56838,0.5
T41428,0.5
T32075,0.5
T30700,0.5
T49466,0.5
T30048,0.5
T55239,0.5
T50308,0.5
T37079,0.5
T54888,0.5
T40298,0.5
T41757,0.5
T43068,0.5
T57413,0.5
T32732,0.5
T31557,0.5
T43425,0.5
T58130,0.5
T51505,0.5
T34875,0.5
T49368,0.5
T57711,0.5
T47932,0.5
T49189,0.5
T30944,0.5
T41471,0.5
T34326,0.5
T55302,0.5
T32154,0.5
T38644,0.5
T55824,0.5
T54518,0.5
T34903,0.5
T40821,0.5
T54663,0.5
T34861,0.5
T38401,0.5
T34960,0.5
T54996,0.5
T32953,0.5
T47090,0.5
T31354,0.5
T45783,0.5
T47752,0.5
T53180,0.5
T41640,0.5
T32358,0.5
T41474,0.5
T38319,0.5
T41609,0.5
T35034,0.5
T44874,0.5
T31349,0.5
T47965,0.5
T53800,0.5
T54450,0.5
T48491,0.5
T35494,0.5
T55055,0.5
T39496,0.5
T52154,0.5
T47035,0.5
T31279,0.5
T42779,0.5
T54661,0.5
T55883,0.5
T42561,0.5
T44281,0.5
T56804,0.5
T51713,0.5
T43297,0.5
T55648,0.5
T47897,0.5
T36832,0.5
T57839,0.5
T31024,0.5
T47641,0.5
T34523,0.5
T57366,0.5
T39898,0.5
T38404,0.5
T42092,0.5
T38300,0.5
T47091,0.5
T49546,0.5
T50125,0.5
T55041,0.5
T37044,0.5
T46956,0.5
T54276,0.5
T37943,0.5
T48728,0.5
T42652,0.5
T56378,0.5
T36869,0.5
T56681,0.5
T38417,0.5
T38658,0.5
T39939,0.5
T35974,0.5
T44736,0.5
T42701,0.5
T42344,0.5
T51637,0.5
T54402,0.5
T44435,0.5
T37030,0.5
T44564,0.5
T56413,0.5
T46472,0.5
T30987,0.5
T39158,0.5
T41921,0.5
T53678,0.5
T35160,0.5
T37656,0.5
T40790,0.5
T54028,0.5
T57179,0.5
T39888,0.5
T45834,0.5
T31775,0.5
T49011,0.5
T36539,0.5
T38435,0.5
T45092,0.5
T44842,0.5
T41677,0.5
T55369,0.5
T52839,0.5
T32438,0.5
T52568,0.5
T39751,0.5
T53927,0.5
T30879,0.5
T52122,0.5
T32479,0.5
T57724,0.5
T42329,0.5
T52029,0.5
T39968,0.5
T41532,0.5
T50147,0.5
T31355,0.5
T52825,0.5
T44827,0.5
T53269,0.5
T31693,0.5
T31170,0.5
T48579,0.5
T47065,0.5
T33053,0.5
T44896,0.5
T36582,0.5
T35854,0.5
T53156,0.5
T50506,0.5
T42144,0.5
T38626,0.5
T43770,0.5
T46897,0.5
T53491,0.5
T43810,0.5
T58037,0.5
T31831,0.5
T56118,0.5
T30883,0.5
T54546,0.5
T38335,0.5
T42955,0.5
T41615,0.5
T33659,0.5
T50108,0.5
T44189,0.5
T40369,0.5
T34019,0.5
T46134,0.5
T36305,0.5
T45912,0.5
T38166,0.5
T32138,0.5
T54772,0.5
T41753,0.5
T51353,0.5
T38136,0.5
T49215,0.5
T48835,0.5
T40310,0.5
T46529,0.5
T35116,0.5
T32810,0.5
T48572,0.5
T42088,0.5
T54725,0.5
T35936,0.5
T50502,0.5
T52485,0.5
T39907,0.5
T52110,0.5
T55333,0.5
T45216,0.5
T50986,0.5
T40928,0.5
T41270,0.5
T30186,0.5
T41231,0.5
T48445,0.5
T44314,0.5
T46647,0.5
T57311,0.5
T55997,0.5
T47205,0.5
T43531,0.5
T43223,0.5
T38527,0.5
T42902,0.5
T46090,0.5
T45434,0.5
T48848,0.5
T57669,0.5
T37512,0.5
T56585,0.5
T38831,0.5
T52892,0.5
T50483,0.5
T54579,0.5
T54830,0.5
T52260,0.5
T49682,0.5
T47716,0.5
T56426,0.5
T38181,0.5
T35563,0.5
T52196,0.5
T36016,0.5
T49371,0.5
T44018,0.5
T37720,0.5
T56307,0.5
T54567,0.5
T55553,0.5
T35572,0.5
T50532,0.5
T36850,0.5
T32650,0.5
T43466,0.5
T36030,0.5
T33688,0.5
T49204,0.5
T31009,0.5
T42143,0.5
T53682,0.5
T36130,0.5
T54814,0.5
T47901,0.5
T53255,0.5
T37039,0.5
T36526,0.5
T32237,0.5
T55769,0.5
T52490,0.5
T55287,0.5
T42589,0.5
T54962,0.5
T42690,0.5
T33271,0.5
T53403,0.5
T53616,0.5
T31549,0.5
T38571,0.5
T41744,0.5
T46608,0.5
T44697,0.5
T55817,0.5
T51537,0.5
T45811,0.5
T30066,0.5
T53396,0.5
T53048,0.5
T49043,0.5
T35501,0.5
T40453,0.5
T42921,0.5
T35424,0.5
T48473,0.5
T34924,0.5
T40354,0.5
T36656,0.5
T45697,0.5
T55694,0.5
T42074,0.5
T34372,0.5
T46143,0.5
T39359,0.5
T52202,0.5
T38260,0.5
T32565,0.5
T47530,0.5
T45438,0.5
T44589,0.5
T43848,0.5
T42148,0.5
T44065,0.5
T50269,0.5
T35256,0.5
T33984,0.5
T50689,0.5
T37638,0.5
T44100,0.5
T34457,0.5
T38759,0.5
T38756,0.5
T57091,0.5
T51636,0.5
T40637,0.5
T34114,0.5
T56304,0.5
T55792,0.5
T48147,0.5
T56143,0.5
T53913,0.5
T42640,0.5
T33207,0.5
T41030,0.5
T52707,0.5
T53327,0.5
T42883,0.5
T39948,0.5
T57575,0.5
T33994,0.5
T54656,0.5
T48595,0.5
T45138,0.5
T37046,0.5
T41162,0.5
T55449,0.5
T31452,0.5
T35764,0.5
T47844,0.5
T35426,0.5
T31540,0.5
T47376,0.5
T36821,0.5
T43504,0.5
T33481,0.5
T31171,0.5
T53306,0.5
T54220,0.5
T37789,0.5
T54224,0.5
T58014,0.5
T52731,0.5
T49013,0.5
T31095,0.5
T44934,0.5
T34090,0.5
T47043,0.5
T48067,0.5
T37600,0.5
T34690,0.5
T52605,0.5
T51208,0.5
T31687,0.5
T47531,0.5
T45534,0.5
T51700,0.5
T44038,0.5
T46540,0.5
T46095,0.5
T51185,0.5
T54221,0.5
T33998,0.5
T35286,0.5
T49914,0.5
T58062,0.5
T53549,0.5
T46717,0.5
T45464,0.5
T40466,0.5
T40079,0.5
T55785,0.5
T37743,0.5
T54711,0.5
T50982,0.5
T52934,0.5
T48322,0.5
T34792,0.5
T41613,0.5
T43135,0.5
T31874,0.5
T57170,0.5
T34728,0.5
T48379,0.5
T53721,0.5
T57133,0.5
T37813,0.5
T34979,0.5
T43295,0.5
T37825,0.5
T43306,0.5
T53318,0.5
T40660,0.5
T48736,0.5
T58030,0.5
T35655,0.5
T42064,0.5
T35662,0.5
T53485,0.5
T47816,0.5
T54749,0.5
T56022,0.5
T41918,0.5
T30246,0.5
T54005,0.5
T37944,0.5
T53640,0.5
T34689,0.5
T53037,0.5
T31386,0.5
T30422,0.5
T39894,0.5
T45517,0.5
T35918,0.5
T47394,0.5
T44759,0.5
T46049,0.5
T31965,0.5
T35059,0.5
T39286,0.5
T54197,0.5
T51414,0.5
T37970,0.5
T49173,0.5
T40879,0.5
T42341,0.5
T56806,0.5
T57292,0.5
T31312,0.5
T55080,0.5
T40775,0.5
T48919,0.5
T50274,0.5
T41291,0.5
T48423,0.5
T35702,0.5
T56614,0.5
T33484,0.5
T45619,0.5
T43696,0.5
T49089,0.5
T47569,0.5
T32533,0.5
T50356,0.5
T42501,0.5
T54289,0.5
T35894,0.5
T56164,0.5
T47832,0.5
T54255,0.5
T42472,0.5
T44551,0.5
T49923,0.5
T47845,0.5
T40747,0.5
T47343,0.5
T39425,0.5
T41520,0.5
T42624,0.5
T50480,0.5
T41570,0.5
T36229,0.5
T31927,0.5
T36308,0.5
T43073,0.5
T33884,0.5
T34530,0.5
T33356,0.5
T35793,0.5
T56093,0.5
T33582,0.5
T46144,0.5
T38981,0.5
T51242,0.5
T55200,0.5
T45746,0.5
T30957,0.5
T45693,0.5
T48997,0.5
T50787,0.5
T52806,0.5
T46921,0.5
T36981,0.5
T56673,0.5
T47523,0.5
T32022,0.5
T32390,0.5
T35399,0.5
T48754,0.5
T44469,0.5
T37799,0.5
T33833,0.5
T40771,0.5
T47014,0.5
T36673,0.5
T52215,0.5
T52627,0.5
T37336,0.5
T49255,0.5
T32800,0.5
T55647,0.5
T50914,0.5
T47470,0.5
T56982,0.5
T36386,0.5
T51248,0.5
T35353,0.5
T38276,0.5
T35951,0.5
T42163,0.5
T54817,0.5
T34515,0.5
T47536,0.5
T49218,0.5
T56823,0.5
T46435,0.5
T41193,0.5
T41803,0.5
T55534,0.5
T33726,0.5
T53444,0.5
T33013,0.5
T45242,0.5
T38469,0.5
T36418,0.5
T33020,0.5
T56683,0.5
T43952,0.5
T41214,0.5
T50956,0.5
T47599,0.5
T35950,0.5
T47173,0.5
T31676,0.5
T56117,0.5
T39407,0.5
T44618,0.5
T55290,0.5
T30585,0.5
T47848,0.5
T48686,0.5
T39542,0.5
T52054,0.5
T31328,0.5
T54008,0.5
T40597,0.5
T30380,0.5
T37758,0.5
T41564,0.5
T33453,0.5
T35114,0.5
T48113,0.5
T35708,0.5
T50606,0.5
T51655,0.5
T52871,0.5
T31164,0.5
T33846,0.5
T30166,0.5
T42473,0.5
T43664,0.5
T40437,0.5
T33056,0.5
T34684,0.5
T47259,0.5
T50252,0.5
T45580,0.5
T49060,0.5
T42641,0.5
T36317,0.5
T32556,0.5
T49809,0.5
T47242,0.5
T56931,0.5
T31041,0.5
T55573,0.5
T51177,0.5
T56989,0.5
T36954,0.5
T41555,0.5
T40541,0.5
T53962,0.5
T49353,0.5
T33794,0.5
T40824,0.5
T57087,0.5
T32214,0.5
T35540,0.5
T32794,0.5
T36705,0.5
T37644,0.5
T41560,0.5
T57844,0.5
T57654,0.5
T51027,0.5
T48441,0.5
T57422,0.5
T55146,0.5
T48316,0.5
T30244,0.5
T54216,0.5
T42106,0.5
T37680,0.5
T47313,0.5
T49493,0.5
T53207,0.5
T37370,0.5
T40221,0.5
T50535,0.5
T50437,0.5
T53022,0.5
T40795,0.5
T30439,0.5
T50067,0.5
T56422,0.5
T35635,0.5
T36703,0.5
T38428,0.5
T42156,0.5
T41245,0.5
T48801,0.5
T38257,0.5
T34533,0.5
T43684,0.5
T44639,0.5
T35054,0.5
T34168,0.5
T45460,0.5
T38302,0.5
T38844,0.5
T33867,0.5
T39503,0.5
T47512,0.5
T52502,0.5
T41363,0.5
T52332,0.5
T48729,0.5
T30622,0.5
T57606,0.5
T47315,0.5
T51124,0.5
T30482,0.5
T56607,0.5
T45957,0.5
T38810,0.5
T55482,0.5
T48951,0.5
T43153,0.5
T46566,0.5
T32112,0.5
T51039,0.5
T43201,0.5
T56094,0.5
T46439,0.5
T55550,0.5
T58096,0.5
T49963,0.5
T47176,0.5
T41431,0.5
T33541,0.5
T44681,0.5
T30358,0.5
T48389,0.5
T48726,0.5
T51466,0.5
T30281,0.5
T48415,0.5
T46769,0.5
T57134,0.5
T42978,0.5
T42010,0.5
T33899,0.5
T36843,0.5
T39689,0.5
T51894,0.5
T40051,0.5
T38891,0.5
T42407,0.5
T36965,0.5
T44789,0.5
T41202,0.5
T41189,0.5
T48155,0.5
T46186,0.5
T47658,0.5
T55536,0.5
T39060,0.5
T44644,0.5
T35622,0.5
T41784,0.5
T52221,0.5
T32376,0.5
T55813,0.5
T40266,0.5
T44840,0.5
T50335,0.5
T47152,0.5
T46139,0.5
T57276,0.5
T47935,0.5
T37857,0.5
T56972,0.5
T50449,0.5
T49571,0.5
T36284,0.5
T53234,0.5
T55854,0.5
T33848,0.5
T44019,0.5
T47407,0.5
T55750,0.5
T31067,0.5
T34818,0.5
T39173,0.5
T40357,0.5
T53928,0.5
T39265,0.5
T39866,0.5
T36611,0.5
T30998,0.5
T45733,0.5
T34660,0.5
T35930,0.5
T30603,0.5
T40472,0.5
T54953,0.5
T54396,0.5
T37614,0.5
T50705,0.5
T56292,0.5
T42046,0.5
T44348,0.5
T39845,0.5
T57101,0.5
T37272,0.5
T46892,0.5
T48159,0.5
T53759,0.5
T35668,0.5
T38776,0.5
T56110,0.5
T32561,0.5
T48294,0.5
T47168,0.5
T38824,0.5
T42311,0.5
T31539,0.5
T53576,0.5
T38151,0.5
T49556,0.5
T38179,0.5
T36054,0.5
T39864,0.5
T38838,0.5
T31405,0.5
T34780,0.5
T44725,0.5
T44261,0.5
T56534,0.5
T30715,0.5
T32451,0.5
T36434,0.5
T45036,0.5
T48222,0.5
T36771,0.5
T37957,0.5
T39429,0.5
T47913,0.5
T40009,0.5
T32970,0.5
T55267,0.5
T46725,0.5
T31593,0.5
T52216,0.5
T54296,0.5
T34132,0.5
T48656,0.5
T33612,0.5
T36939,0.5
T47692,0.5
T49111,0.5
T36555,0.5
T33410,0.5
T52632,0.5
T43379,0.5
T45699,0.5
T54520,0.5
T39201,0.5
T44083,0.5
T47262,0.5
T30540,0.5
T49149,0.5
T56605,0.5
T34931,0.5
T58059,0.5
T45547,0.5
T41565,0.5
T56268,0.5
T41674,0.5
T37014,0.5
T47267,0.5
T57749,0.5
T47723,0.5
T36780,0.5
T55045,0.5
T44611,0.5
T44333,0.5
T31850,0.5
T56334,0.5
T44518,0.5
T48229,0.5
T50543,0.5
T51269,0.5
T40619,0.5
T42845,0.5
T32660,0.5
T33127,0.5
T41537,0.5
T38733,0.5
T37330,0.5
T48547,0.5
T39461,0.5
T47647,0.5
T48434,0.5
T33203,0.5
T52595,0.5
T38813,0.5
T32972,0.5
T42861,0.5
T36521,0.5
T45057,0.5
T46874,0.5
T53620,0.5
T42915,0.5
T40584,0.5
T33288,0.5
T49131,0.5
T54566,0.5
T38052,0.5
T32506,0.5
T44127,0.5
T52489,0.5
T40853,0.5
T57519,0.5
T37810,0.5
T56390,0.5
T53691,0.5
T55415,0.5
T31596,0.5
T31656,0.5
T39292,0.5
T38471,0.5
T36231,0.5
T38077,0.5
T34949,0.5
T53825,0.5
T36484,0.5
T38129,0.5
T54302,0.5
T38811,0.5
T30173,0.5
T41720,0.5
T42248,0.5
T31828,0.5
T51905,0.5
T34252,0.5
T47805,0.5
T52661,0.5
T30315,0.5
T35984,0.5
T47140,0.5
T57818,0.5
T46779,0.5
T41869,0.5
T32335,0.5
T57586,0.5
T32982,0.5
T40865,0.5
T45720,0.5
T48631,0.5
T41568,0.5
T48071,0.5
T43468,0.5
T51789,0.5
T38809,0.5
T46289,0.5
T49079,0.5
T37331,0.5
T34996,0.5
T38521,0.5
T37653,0.5
T43631,0.5
T32776,0.5
T33923,0.5
T50779,0.5
T54356,0.5
T52588,0.5
T53292,0.5
T41740,0.5
T55959,0.5
T34895,0.5
T44459,0.5
T48461,0.5
T51708,0.5
T39409,0.5
T34145,0.5
T43882,0.5
T43933,0.5
T41102,0.5
T54460,0.5
T50300,0.5
T40457,0.5
T35754,0.5
T57589,0.5
T44494,0.5
T53225,0.5
T50948,0.5
T39840,0.5
T37871,0.5
T35457,0.5
T57634,0.5
T50254,0.5
T54846,0.5
T57195,0.5
T31742,0.5
T56466,0.5
T37779,0.5
T51410,0.5
T49895,0.5
T41159,0.5
T55231,0.5
T49226,0.5
T41051,0.5
T49460,0.5
T43484,0.5
T44629,0.5
T58038,0.5
T56577,0.5
T35287,0.5
T39116,0.5
T51854,0.5
T30506,0.5
T44262,0.5
T55714,0.5
T43584,0.5
T32731,0.5
T41942,0.5
T41307,0.5
T45200,0.5
T47771,0.5
T42321,0.5
T47701,0.5
T58020,0.5
T46025,0.5
T48824,0.5
T56938,0.5
T41355,0.5
T34661,0.5
T31544,0.5
T48865,0.5
T53122,0.5
T37861,0.5
T30924,0.5
T47535,0.5
T55384,0.5
T47799,0.5
T34371,0.5
T50795,0.5
T34951,0.5
T55401,0.5
T56482,0.5
T35431,0.5
T55930,0.5
T40754,0.5
T48687,0.5
T30338,0.5
T44959,0.5
T51812,0.5
T39938,0.5
T48809,0.5
T44604,0.5
T35900,0.5
T53654,0.5
T56383,0.5
T47239,0.5
T53727,0.5
T55709,0.5
T53193,0.5
T53523,0.5
T44001,0.5
T54354,0.5
T48010,0.5
T48630,0.5
T46479,0.5
T40205,0.5
T38418,0.5
T46531,0.5
T38525,0.5
T30704,0.5
T36463,0.5
T40531,0.5
T41501,0.5
T57822,0.5
T30823,0.5
T56414,0.5
T43324,0.5
T54876,0.5
T35775,0.5
T51532,0.5
T40141,0.5
T52390,0.5
T50578,0.5
T42879,0.5
T36240,0.5
T48783,0.5
T48228,0.5
T36921,0.5
T30391,0.5
T30133,0.5
T50459,0.5
T37206,0.5
T57726,0.5
T54557,0.5
T54497,0.5
T43039,0.5
T55986,0.5
T45890,0.5
T58158,0.5
T55024,0.5
T31753,0.5
T47648,0.5
T56480,0.5
T44376,0.5
T36920,0.5
T48987,0.5
T47491,0.5
T35753,0.5
T53924,0.5
T46324,0.5
T42493,0.5
T32442,0.5
T40553,0.5
T49212,0.5
T52455,0.5
T33770,0.5
T42085,0.5
T55740,0.5
T53450,0.5
T32779,0.5
T31048,0.5
T36467,0.5
T58202,0.5
T34970,0.5
T32357,0.5
T37487,0.5
T57604,0.5
T40103,0.5
T39970,0.5
T54496,0.5
T49023,0.5
T36544,0.5
T56934,0.5
T43907,0.5
T52282,0.5
T32117,0.5
T55447,0.5
T53408,0.5
T49106,0.5
T34313,0.5
T37565,0.5
T39766,0.5
T38372,0.5
T47854,0.5
T31169,0.5
T57727,0.5
T54586,0.5
T32175,0.5
T30346,0.5
T48790,0.5
T32857,0.5
T38030,0.5
T49758,0.5
T33175,0.5
T57178,0.5
T47411,0.5
T31107,0.5
T54762,0.5
T49512,0.5
T55908,0.5
T41676,0.5
T52480,0.5
T55185,0.5
T32780,0.5
T48534,0.5
T45060,0.5
T44735,0.5
T32066,0.5
T51441,0.5
T54239,0.5
T36637,0.5
T43311,0.5
T37178,0.5
T37333,0.5
T40648,0.5
T56602,0.5
T49834,0.5
T51046,0.5
T55569,0.5
T34185,0.5
T51656,0.5
T55543,0.5
T40418,0.5
T35575,0.5
T34446,0.5
T49693,0.5
T51364,0.5
T39937,0.5
T46661,0.5
T53340,0.5
T40602,0.5
T45498,0.5
T54368,0.5
T53084,0.5
T43599,0.5
T48639,0.5
T55742,0.5
T34856,0.5
T48151,0.5
T50032,0.5
T35591,0.5
T44995,0.5
T57136,0.5
T31436,0.5
T44963,0.5
T44981,0.5
T43344,0.5
T43348,0.5
T38065,0.5
T48206,0.5
T50301,0.5
T48376,0.5
T40182,0.5
T32399,0.5
T43643,0.5
T30020,0.5
T30395,0.5
T52086,0.5
T46798,0.5
T49010,0.5
T52218,0.5
T55489,0.5
T37430,0.5
T40388,0.5
T31636,0.5
T44208,0.5
T52050,0.5
T31411,0.5
T56409,0.5
T58175,0.5
T32791,0.5
T51834,0.5
T30117,0.5
T44408,0.5
T46030,0.5
T33084,0.5
T41849,0.5
T44303,0.5
T51987,0.5
T42505,0.5
T40756,0.5
T30354,0.5
T50448,0.5
T48484,0.5
T46590,0.5
T34865,0.5
T45515,0.5
T52901,0.5
T51330,0.5
T54710,0.5
T39128,0.5
T54738,0.5
T50115,0.5
T48723,0.5
T51484,0.5
T44016,0.5
T49572,0.5
T52864,0.5
T44687,0.5
T35025,0.5
T45320,0.5
T34565,0.5
T54932,0.5
T44785,0.5
T32108,0.5
T33976,0.5
T52125,0.5
T45658,0.5
T35703,0.5
T39167,0.5
T39646,0.5
T53942,0.5
T53219,0.5
T49950,0.5
T38479,0.5
T56165,0.5
T47294,0.5
T41965,0.5
T50004,0.5
T44630,0.5
T38739,0.5
T56330,0.5
T30339,0.5
T40939,0.5
T42759,0.5
T30756,0.5
T33036,0.5
T37081,0.5
T52687,0.5
T56234,0.5
T41168,0.5
T36835,0.5
T52862,0.5
T42427,0.5
T42202,0.5
T38535,0.5
T44859,0.5
T40074,0.5
T52703,0.5
T42401,0.5
T57968,0.5
T46394,0.5
T53061,0.5
T47838,0.5
T43602,0.5
T30318,0.5
T40893,0.5
T32931,0.5
T36775,0.5
T33903,0.5
T36772,0.5
T32948,0.5
T32364,0.5
T45277,0.5
T43403,0.5
T42988,0.5
T57058,0.5
T43481,0.5
T44165,0.5
T56171,0.5
T49911,0.5
T40668,0.5
T53426,0.5
T56691,0.5
T50116,0.5
T36542,0.5
T53062,0.5
T58139,0.5
T55781,0.5
T52601,0.5
T32609,0.5
T43618,0.5
T43381,0.5
T31859,0.5
T53047,0.5
T52726,0.5
T54602,0.5
T35661,0.5
T30995,0.5
T38531,0.5
T43580,0.5
T51979,0.5
T54556,0.5
T46106,0.5
T56703,0.5
T57650,0.5
T44134,0.5
T44180,0.5
T52983,0.5
T37489,0.5
T36318,0.5
T37022,0.5
T48861,0.5
T37310,0.5
T53737,0.5
T56371,0.5
T46379,0.5
T37010,0.5
T54521,0.5
T32527,0.5
T30946,0.5
T45444,0.5
T55152,0.5
T33664,0.5
T54813,0.5
T38676,0.5
T56160,0.5
T41391,0.5
T55477,0.5
T56526,0.5
T45190,0.5
T53382,0.5
T34624,0.5
T50549,0.5
T47979,0.5
T53127,0.5
T42547,0.5
T39849,0.5
T57524,0.5
T32829,0.5
T43081,0.5
T52109,0.5
T51012,0.5
T43789,0.5
T35248,0.5
T37296,0.5
T44009,0.5
T40401,0.5
T38259,0.5
T30863,0.5
T53351,0.5
T53120,0.5
T40109,0.5
T41221,0.5
T49404,0.5
T54236,0.5
T33341,0.5
T55075,0.5
T35544,0.5
T57562,0.5
T48346,0.5
T50021,0.5
T31752,0.5
T47178,0.5
T33206,0.5
T56296,0.5
T56793,0.5
T53045,0.5
T48060,0.5
T50772,0.5
T48909,0.5
T56289,0.5
T31611,0.5
T55214,0.5
T51867,0.5
T46912,0.5
T55418,0.5
T48483,0.5
T43665,0.5
T43968,0.5
T30279,0.5
T52656,0.5
T30970,0.5
T30696,0.5
T34022,0.5
T30018,0.5
T51770,0.5
T38567,0.5
T46202,0.5
T54527,0.5
T40749,0.5
T47454,0.5
T40658,0.5
T38323,0.5
T46128,0.5
T41074,0.5
T54033,0.5
T51573,0.5
T45748,0.5
T51978,0.5
T45043,0.5
T48845,0.5
T33191,0.5
T37291,0.5
T57150,0.5
T54886,0.5
T33712,0.5
T55894,0.5
T30152,0.5
T34245,0.5
T47154,0.5
T41433,0.5
T33549,0.5
T47314,0.5
T37518,0.5
T43296,0.5
T52619,0.5
T40674,0.5
T52087,0.5
T36997,0.5
T39786,0.5
T46609,0.5
T51771,0.5
T54407,0.5
T43477,0.5
T40011,0.5
T41088,0.5
T52572,0.5
T54093,0.5
T45775,0.5
T49453,0.5
T46102,0.5
T32880,0.5
T42096,0.5
T32166,0.5
T57140,0.5
T40254,0.5
T51147,0.5
T42939,0.5
T40346,0.5
T49148,0.5
T35927,0.5
T41597,0.5
T49748,0.5
T53512,0.5
T39958,0.5
T30328,0.5
T55042,0.5
T36511,0.5
T49598,0.5
T51258,0.5
T32838,0.5
T34385,0.5
T30005,0.5
T56075,0.5
T43913,0.5
T54973,0.5
T36012,0.5
T30258,0.5
T49915,0.5
T34086,0.5
T55222,0.5
T44123,0.5
T55225,0.5
T39964,0.5
T33418,0.5
T48178,0.5
T37390,0.5
T46533,0.5
T40950,0.5
T53657,0.5
T54835,0.5
T46765,0.5
T31153,0.5
T41110,0.5
T30130,0.5
T30816,0.5
T35748,0.5
T49949,0.5
T41502,0.5
T33797,0.5
T36244,0.5
T47360,0.5
T30496,0.5
T35536,0.5
T42634,0.5
T39205,0.5
T57444,0.5
T37301,0.5
T57779,0.5
T51767,0.5
T46158,0.5
T35175,0.5
T34055,0.5
T31923,0.5
T36243,0.5
T46101,0.5
T44826,0.5
T49232,0.5
T49986,0.5
T53267,0.5
T48354,0.5
T42910,0.5
T43954,0.5
T54455,0.5
T39442,0.5
T53092,0.5
T43888,0.5
T39447,0.5
T50231,0.5
T51311,0.5
T46651,0.5
T49513,0.5
T54287,0.5
T39774,0.5
T52498,0.5
T47312,0.5
T52629,0.5
T33676,0.5
T31821,0.5
T43514,0.5
T35705,0.5
T47551,0.5
T35986,0.5
T47779,0.5
T38155,0.5
T54451,0.5
T42518,0.5
T36896,0.5
T38916,0.5
T37092,0.5
T39952,0.5
T57931,0.5
T42784,0.5
T42499,0.5
T55513,0.5
T35991,0.5
T40230,0.5
T33108,0.5
T37350,0.5
T50899,0.5
T43586,0.5
T30119,0.5
T40196,0.5
T47759,0.5
T39883,0.5
T40252,0.5
T43402,0.5
T39391,0.5
T44999,0.5
T48106,0.5
T35770,0.5
T49647,0.5
T35080,0.5
T33708,0.5
T57798,0.5
T46248,0.5
T34336,0.5
T50472,0.5
T30721,0.5
T36034,0.5
T45845,0.5
T30889,0.5
T54761,0.5
T56667,0.5
T49784,0.5
T45747,0.5
T51267,0.5
T40033,0.5
T42084,0.5
T33041,0.5
T53326,0.5
T44294,0.5
T36196,0.5
T42124,0.5
T54068,0.5
T50536,0.5
T53559,0.5
T40113,0.5
T36002,0.5
T49549,0.5
T34643,0.5
T45385,0.5
T55799,0.5
T50580,0.5
T56715,0.5
T31798,0.5
T47563,0.5
T37700,0.5
T53367,0.5
T44223,0.5
T42366,0.5
T47150,0.5
T35509,0.5
T46242,0.5
T37900,0.5
T53136,0.5
T47747,0.5
T43817,0.5
T31678,0.5
T46311,0.5
T48963,0.5
T40943,0.5
T43717,0.5
T33065,0.5
T53794,0.5
T35762,0.5
T41989,0.5
T33686,0.5
T49749,0.5
T51285,0.5
T34000,0.5
T50236,0.5
T41123,0.5
T48684,0.5
T40917,0.5
T32331,0.5
T30993,0.5
T40461,0.5
T51161,0.5
T57959,0.5
T57047,0.5
T55133,0.5
T57957,0.5
T56599,0.5
T31786,0.5
T51336,0.5
T38078,0.5
T50008,0.5
T46996,0.5
T31789,0.5
T32212,0.5
T54310,0.5
T51543,0.5
T42820,0.5
T49620,0.5
T37628,0.5
T50774,0.5
T32259,0.5
T47689,0.5
T55154,0.5
T50658,0.5
T36551,0.5
T56198,0.5
T44367,0.5
T44671,0.5
T55247,0.5
T40860,0.5
T30525,0.5
T57503,0.5
T55982,0.5
T42142,0.5
T32382,0.5
T36378,0.5
T49798,0.5
T39546,0.5
T35356,0.5
T52185,0.5
T40593,0.5
T37673,0.5
T42435,0.5
T57106,0.5
T32435,0.5
T36653,0.5
T40768,0.5
T33574,0.5
T44420,0.5
T49271,0.5
T46204,0.5
T47751,0.5
T57635,0.5
T41538,0.5
T41721,0.5
T46535,0.5
T43449,0.5
T49029,0.5
T37640,0.5
T51084,0.5
T52361,0.5
T54079,0.5
T41868,0.5
T53276,0.5
T48199,0.5
T32359,0.5
T31389,0.5
T33221,0.5
T46646,0.5
T53282,0.5
T34483,0.5
T44616,0.5
T31476,0.5
T34844,0.5
T38280,0.5
T55730,0.5
T42919,0.5
T44338,0.5
T46141,0.5
T37573,0.5
T41116,0.5
T49385,0.5
T54659,0.5
T45753,0.5
T45596,0.5
T56596,0.5
T57742,0.5
T56312,0.5
T39077,0.5
T45852,0.5
T34939,0.5
T40328,0.5
T51332,0.5
T38050,0.5
T32553,0.5
T36540,0.5
T36336,0.5
T53592,0.5
T35647,0.5
T45942,0.5
T42929,0.5
T39397,0.5
T52372,0.5
T58124,0.5
T41935,0.5
T52059,0.5
T41579,0.5
T47490,0.5
T38071,0.5
T47072,0.5
T48476,0.5
T53588,0.5
T34192,0.5
T41905,0.5
T53929,0.5
T53298,0.5
T50303,0.5
T38032,0.5
T32903,0.5
T35093,0.5
T37031,0.5
T55527,0.5
T43706,0.5
T54213,0.5
T31962,0.5
T38043,0.5
T44078,0.5
T44701,0.5
T57933,0.5
T53933,0.5
T32241,0.5
T54142,0.5
T49284,0.5
T45808,0.5
T49065,0.5
T57258,0.5
T44541,0.5
T53610,0.5
T45629,0.5
T54212,0.5
T42821,0.5
T50854,0.5
T41983,0.5
T33950,0.5
T34169,0.5
T30303,0.5
T57709,0.5
T51060,0.5
T36447,0.5
T54988,0.5
T48051,0.5
T55672,0.5
T41164,0.5
T45478,0.5
T32665,0.5
T40057,0.5
T39214,0.5
T32894,0.5
T49687,0.5
T39635,0.5
T37377,0.5
T53380,0.5
T40911,0.5
T31569,0.5
T42220,0.5
T47665,0.5
T30062,0.5
T46120,0.5
T37198,0.5
T48406,0.5
T32817,0.5
T35849,0.5
T41641,0.5
T33814,0.5
T57980,0.5
T56532,0.5
T41328,0.5
T46565,0.5
T38842,0.5
T34120,0.5
T36110,0.5
T55633,0.5
T50568,0.5
T39904,0.5
T41937,0.5
T30458,0.5
T48197,0.5
T30534,0.5
T37603,0.5
T49459,0.5
T37662,0.5
T38047,0.5
T48168,0.5
T36900,0.5
T49374,0.5
T41714,0.5
T53811,0.5
T42192,0.5
T42393,0.5
T33912,0.5
T48158,0.5
T34828,0.5
T31168,0.5
T38445,0.5
T32717,0.5
T51176,0.5
T51618,0.5
T38945,0.5
T35380,0.5
T40454,0.5
T32568,0.5
T49637,0.5
T31750,0.5
T39139,0.5
T43636,0.5
T57972,0.5
T40213,0.5
T32995,0.5
T49666,0.5
T36493,0.5
T30950,0.5
T43646,0.5
T35585,0.5
T37889,0.5
T34334,0.5
T38537,0.5
T31811,0.5
T30642,0.5
T41990,0.5
T52298,0.5
T34170,0.5
T47056,0.5
T57339,0.5
T58151,0.5
T41452,0.5
T54223,0.5
T37886,0.5
T53763,0.5
T35608,0.5
T37908,0.5
T38569,0.5
T47108,0.5
T54226,0.5
T49508,0.5
T54180,0.5
T30268,0.5
T52307,0.5
T32696,0.5
T48208,0.5
T39240,0.5
T46534,0.5
T32580,0.5
T33616,0.5
T57375,0.5
T44744,0.5
T37672,0.5
T50314,0.5
T33710,0.5
T48411,0.5
T34146,0.5
T39497,0.5
T49629,0.5
T32627,0.5
T30392,0.5
T55618,0.5
T37714,0.5
T33681,0.5
T55491,0.5
T38674,0.5
T58115,0.5
T55403,0.5
T40289,0.5
T46728,0.5
T42016,0.5
T53941,0.5
T53591,0.5
T44634,0.5
T40014,0.5
T36756,0.5
T55870,0.5
T56178,0.5
T45613,0.5
T40459,0.5
T57920,0.5
T49894,0.5
T36766,0.5
T32734,0.5
T38229,0.5
T54519,0.5
T43999,0.5
T53752,0.5
T34905,0.5
T36549,0.5
T41256,0.5
T49322,0.5
T30204,0.5
T54700,0.5
T30862,0.5
T41508,0.5
T50057,0.5
T52709,0.5
T56424,0.5
T56362,0.5
T49940,0.5
T30230,0.5
T41458,0.5
T40327,0.5
T49585,0.5
T36610,0.5
T57242,0.5
T54526,0.5
T50396,0.5
T31653,0.5
T49547,0.5
T44885,0.5
T57452,0.5
T35483,0.5
T31574,0.5
T41639,0.5
T49634,0.5
T55922,0.5
T41681,0.5
T47876,0.5
T40301,0.5
T31908,0.5
T38600,0.5
T43450,0.5
T48697,0.5
T58136,0.5
T46622,0.5
T48015,0.5
T37585,0.5
T39207,0.5
T52469,0.5
T54459,0.5
T51977,0.5
T32802,0.5
T38799,0.5
T57997,0.5
T33088,0.5
T51969,0.5
T32421,0.5
T30634,0.5
T37843,0.5
T48432,0.5
T42962,0.5
T42346,0.5
T48221,0.5
T56132,0.5
T57513,0.5
T40099,0.5
T42319,0.5
T54073,0.5
T49216,0.5
T50685,0.5
T30751,0.5
T56125,0.5
T40686,0.5
T57351,0.5
T41003,0.5
T38691,0.5
T56714,0.5
T34632,0.5
T31489,0.5
T48658,0.5
T42792,0.5
T50906,0.5
T57898,0.5
T36807,0.5
T34240,0.5
T38789,0.5
T50842,0.5
T39696,0.5
T51434,0.5
T47482,0.5
T57649,0.5
T50970,0.5
T44879,0.5
T30325,0.5
T50523,0.5
T41226,0.5
T34706,0.5
T30218,0.5
T46016,0.5
T34299,0.5
T39215,0.5
T35917,0.5
T46592,0.5
T44371,0.5
T46460,0.5
T39851,0.5
T40211,0.5
T57915,0.5
T56067,0.5
T45583,0.5
T54259,0.5
T56302,0.5
T45416,0.5
T49650,0.5
T47078,0.5
T32876,0.5
T50904,0.5
T36559,0.5
T44976,0.5
T32634,0.5
T39664,0.5
T57394,0.5
T32485,0.5
T57469,0.5
T47158,0.5
T34116,0.5
T51590,0.5
T53018,0.5
T58174,0.5
T42539,0.5
T50885,0.5
T51471,0.5
T54260,0.5
T54706,0.5
T57940,0.5
T43829,0.5
T51082,0.5
T35375,0.5
T49656,0.5
T39670,0.5
T54680,0.5
T52149,0.5
T33908,0.5
T55448,0.5
T31805,0.5
T36331,0.5
T41408,0.5
T58017,0.5
T49454,0.5
T49308,0.5
T43401,0.5
T56431,0.5
T50260,0.5
T40562,0.5
T36804,0.5
T42569,0.5
T43488,0.5
T38548,0.5
T49482,0.5
T46899,0.5
T55083,0.5
T37110,0.5
T30772,0.5
T53909,0.5
T36774,0.5
T45915,0.5
T50559,0.5
T36984,0.5
T32981,0.5
T42224,0.5
T38925,0.5
T50114,0.5
T35531,0.5
T36820,0.5
T55305,0.5
T35757,0.5
T31760,0.5
T43273,0.5
T52420,0.5
T48122,0.5
T51521,0.5
T54539,0.5
T51938,0.5
T33164,0.5
T37445,0.5
T30051,0.5
T52598,0.5
T48721,0.5
T42662,0.5
T38345,0.5
T57052,0.5
T38262,0.5
T48203,0.5
T37991,0.5
T54207,0.5
T56547,0.5
T38509,0.5
T50498,0.5
T55686,0.5
T57035,0.5
T33641,0.5
T55662,0.5
T43645,0.5
T49022,0.5
T46070,0.5
T38853,0.5
T34892,0.5
T50867,0.5
T44689,0.5
T32443,0.5
T54461,0.5
T36210,0.5
T33163,0.5
T37041,0.5
T53467,0.5
T53419,0.5
T51728,0.5
T35158,0.5
T34408,0.5
T39375,0.5
T53169,0.5
T57395,0.5
T50292,0.5
T38338,0.5
T45215,0.5
T55938,0.5
T31937,0.5
T46461,0.5
T32772,0.5
T51459,0.5
T31258,0.5
T30109,0.5
T45025,0.5
T43442,0.5
T31639,0.5
T35828,0.5
T47873,0.5
T40599,0.5
T34782,0.5
T53099,0.5
T35882,0.5
T37557,0.5
T55410,0.5
T37143,0.5
T38701,0.5
T55809,0.5
T55554,0.5
T30297,0.5
T55184,0.5
T42298,0.5
T55758,0.5
T40228,0.5
T31954,0.5
T31951,0.5
T31420,0.5
T48164,0.5
T34462,0.5
T53013,0.5
T35558,0.5
T53750,0.5
T32606,0.5
T31342,0.5
T38397,0.5
T52959,0.5
T30431,0.5
T44620,0.5
T34283,0.5
T50784,0.5
T38109,0.5
T37927,0.5
T52653,0.5
T36976,0.5
T32460,0.5
T44157,0.5
T52765,0.5
T46935,0.5
T40719,0.5
T42416,0.5
T55587,0.5
T46920,0.5
T46734,0.5
T56070,0.5
T31089,0.5
T53009,0.5
T57377,0.5
T33103,0.5
T46415,0.5
T55070,0.5
T55300,0.5
T57640,0.5
T55173,0.5
T31691,0.5
T55232,0.5
T50475,0.5
T33963,0.5
T43722,0.5
T50061,0.5
T32418,0.5
T34510,0.5
T57596,0.5
T45511,0.5
T47120,0.5
T34748,0.5
T49461,0.5
T35041,0.5
T34658,0.5
T49144,0.5
T43203,0.5
T41269,0.5
T53940,0.5
T49058,0.5
T54416,0.5
T49093,0.5
T39822,0.5
T38725,0.5
T33732,0.5
T33973,0.5
T42496,0.5
T52770,0.5
T48814,0.5
T37892,0.5
T33427,0.5
T53508,0.5
T39068,0.5
T48542,0.5
T48477,0.5
T32538,0.5
T36038,0.5
T36726,0.5
T53230,0.5
T43986,0.5
T37384,0.5
T50778,0.5
T41444,0.5
T32447,0.5
T40825,0.5
T38995,0.5
T43545,0.5
T51921,0.5
T51013,0.5
T42917,0.5
T37873,0.5
T31975,0.5
T31002,0.5
T37619,0.5
T31974,0.5
T56170,0.5
T54504,0.5
T48130,0.5
T43863,0.5
T51191,0.5
T41662,0.5
T44071,0.5
T57731,0.5
T48590,0.5
T36769,0.5
T39717,0.5
T48180,0.5
T44042,0.5
T45937,0.5
T54640,0.5
T47939,0.5
T41275,0.5
T58166,0.5
T48742,0.5
T48112,0.5
T57878,0.5
T46589,0.5
T35935,0.5
T52450,0.5
T56000,0.5
T49359,0.5
T57874,0.5
T33174,0.5
T55556,0.5
T31589,0.5
T36236,0.5
T34729,0.5
T53830,0.5
T30681,0.5
